x,y
0.1,0.00041877661908260185
0.14004004004004006,0.0004186944852766415
0.18008008008008008,0.000418584975767085
0.2201201201201201,0.0004184481120436347
0.2601601601601602,0.000418283920958602
0.3002002002002002,0.00041809243471812685
0.34024024024024024,0.000417873690871649
0.38028028028028027,0.0004176277322996366
0.4203203203203203,0.00041735460719957647
0.4603603603603603,0.0004170543690702335
0.5004004004004003,0.00041672707669418554
0.5404404404404405,0.00041637279411864284
0.5804804804804805,0.0004159915906345594
0.6205205205205205,0.00041558354075404736
0.6605605605605606,0.0004151487241861032
0.7006006006006006,0.00041468722581065767
0.7406406406406406,0.00041419913565096157
0.7806806806806806,0.00041368454884431905
0.8207207207207207,0.00041314356561118233
0.8607607607607607,0.00041257629122262176
0.9008008008008007,0.0004119828359661862
0.9408408408408409,0.0004113633151101691
0.9808808808808809,0.0004107178488662958
1.020920920920921,0.0004100465623508504
1.060960960960961,0.0004093495855442586
1.1010010010010012,0.00040862705324914484
1.1410410410410412,0.0004078791050468841
1.1810810810810812,0.00040710588525266555
1.2211211211211213,0.0004063075428690905
1.2611611611611613,0.0004054842315383244
1.3012012012012013,0.00040463610949282463
1.3412412412412413,0.00040376333950466653
1.3812812812812814,0.0004028660888334895
1.4213213213213214,0.00040194452917308767
1.4613613613613614,0.0004009988365966681
1.5014014014014014,0.0004000291915008012
1.5414414414414415,0.00039903577854808863
1.5814814814814815,0.0003980187866085735
1.6215215215215215,0.0003969784086999199
1.6615615615615615,0.00039591484192638693
1.7016016016016016,0.0003948282874166259
1.7416416416416418,0.0003937189502603263
1.7816816816816818,0.0003925870394437402
1.8217217217217219,0.0003914327677841123
1.861761761761762,0.0003902563518630444
1.901801801801802,0.0003890580119588248
1.941841841841842,0.0003878379719777501
1.981881881881882,0.00038659645938447145
2.0219219219219218,0.000385333705131394
2.061961961961962,0.00038404994358716074
2.1020020020020023,0.0003827454124642527
2.1420420420420423,0.0003814203527457338
2.1820820820820823,0.0003800750086111766
2.2221221221221223,0.0003787096273617955
2.2621621621621624,0.00037732445934482374
2.3022022022022024,0.00037591975787716435
2.3422422422422424,0.0003744957791683476
2.3822822822822824,0.0003730527822428288
2.4223223223223225,0.00037159102886165834
2.4623623623623625,0.00037011078344355736
2.5024024024024025,0.0003686123129854325
2.5424424424424426,0.0003670958869823624
2.5824824824824826,0.00036556177734709054
2.6225225225225226,0.0003640102583290566
2.6625625625625626,0.0003624416064330013
2.7026026026026027,0.0003608561003371771
2.7426426426426427,0.00035925402081119943
2.7826826826826827,0.0003576356506335721
2.8227227227227227,0.0003560012745089199
2.8627627627627628,0.00035435117898496274
2.902802802802803,0.00035268565236926526
2.942842842842843,0.00035100498464579467
2.982882882882883,0.0003493094673913209
3.022922922922923,0.0003475993936916931
3.062962962962963,0.00034587505805802425
3.103003003003003,0.00034413675634281963
3.143043043043043,0.00034238478565607914
3.183083083083083,0.0003406194442814098
3.223123123123123,0.00033884103159217835
3.263163163163163,0.0003370498479677384
3.303203203203203,0.0003352461947097641
3.3432432432432435,0.0003334303739587214
3.3832832832832835,0.00033160268861051156
3.4233233233233236,0.0003297634422333152
3.4633633633633636,0.0003279129389846714
3.5034034034034036,0.0003260514835288208
3.5434434434434436,0.00032417938095434545
3.5834834834834837,0.00032229693669213387
3.6235235235235237,0.00032040445643370403
3.6635635635635637,0.0003185022460499122
3.7036036036036037,0.000316590611510078
3.7436436436436438,0.00031466985880155494
3.783683683683684,0.00031274029384977545
3.823723723723724,0.00031080222243879806
3.863763763763764,0.00030885595013238577
3.903803803803804,0.00030690178219564234
3.943843843843844,0.0003049400235172346
3.983883883883884,0.00030297097853222677
4.023923923923924,0.0003009949511455536
4.063963963963964,0.000299012244656158
4.104004004004004,0.00029702316168181826
4.144044044044044,0.000295028004084691
4.184084084084084,0.00029302707289759243
4.224124124124124,0.0002910206682510431
4.264164164164164,0.00028900908930109973
4.304204204204204,0.00028699263415799583
4.344244244244244,0.0002849715998156147
4.384284284284284,0.000282946282081816
4.424324324324324,0.00028091697550963735
4.464364364364364,0.00027888397332939175
4.504404404404404,0.0002768475673816812
4.544444444444444,0.00027480804805134505
4.584484484484484,0.00027276570420236456
4.624524524524524,0.0002707208231137392
4.664564564564564,0.00026867369041635476
4.704604604604604,0.00026662459003085986
4.744644644644644,0.00026457380410656734
4.784684684684684,0.0002625216129613972
4.8247247247247245,0.00026046829502287617
4.8647647647647645,0.0002584141267702095
4.9048048048048045,0.000256359382677438
4.9448448448448445,0.0002543043351576963
4.984884884884885,0.00025224925450858263
5.024924924924925,0.00025019440885865507
5.064964964964965,0.0002481400641150652
5.105005005005005,0.0002460864839123395
5.145045045045045,0.0002440339295623216
5.185085085085085,0.00024198266000528246
5.225125125125125,0.0002399329317622103
5.265165165165165,0.00023788499888828795
5.305205205205205,0.000235839112927566
5.345245245245245,0.0002337955228688396
5.385285285285285,0.0002317544751027354
5.425325325325325,0.0002297162133800154
5.465365365365365,0.00022768097877110379
5.505405405405405,0.00022564900962684071
5.545445445445445,0.000223620541540469
5.585485485485485,0.00022159580731085643
5.625525525525525,0.00021957503690695819
5.665565565565565,0.00021755845743352115
5.705605605605605,0.00021554629309803271
5.745645645645645,0.0002135387651789157
5.785685685685685,0.00021153609199497
5.825725725725725,0.00020953848887606216
5.865765765765765,0.0002075461681350615
5.905805805805805,0.00020555933904102322
5.945845845845845,0.00020357820779361654
5.985885885885885,0.00020160297749879631
6.025925925925925,0.00019963384814571534
6.065965965965965,0.00019767101658487506
6.106006006006005,0.0001957146765075105
6.146046046046045,0.00019376501842620602
6.186086086086085,0.0001918222296567367
6.226126126126125,0.00018988649430113123
6.266166166166165,0.00018795799323194975
6.306206206206205,0.00018603690407777138
6.3462462462462454,0.00018412340120988445
6.3862862862862855,0.00018221765573017264
6.4263263263263255,0.0001803198354601894
6.4663663663663655,0.00017843010493141294
6.5064064064064056,0.00017654862537667284
6.5464464464464465,0.00017467555472274019
6.5864864864864865,0.00017281104758407127
6.6265265265265265,0.0001709552552576955
6.6665665665665665,0.00016910832571923715
6.706606606606607,0.00016727040362006073
6.746646646646647,0.0001654416302855287
6.786686686686687,0.00016362214371436014
6.826726726726727,0.00016181207857907928
6.866766766766767,0.00016001156622754076
6.906806806806807,0.00015822073468552028
6.946846846846847,0.00015643970866035717
6.986886886886887,0.00015466860954563565
7.026926926926927,0.00015290755542689207
7.066966966966967,0.0001511566610883335
7.107007007007007,0.00014941603802055424
7.147047047047047,0.00014768579442923536
7.187087087087087,0.0001459660352448131
7.227127127127127,0.00014425686213310077
7.267167167167167,0.00014255837350684954
7.307207207207207,0.00014087066453823168
7.347247247247247,0.00013919382717223172
7.387287287287287,0.00013752795014092901
7.427327327327327,0.0001358731189786554
7.467367367367367,0.00013422941603801215
7.507407407407407,0.00013259692050672926
7.547447447447447,0.00013097570842535055
7.587487487487487,0.00012936585270572774
7.627527527527527,0.00012776742315030612
7.667567567567567,0.0001261804864721853
7.707607607607607,0.00012460510631593654
7.747647647647647,0.00012304134327916058
7.787687687687687,0.0001214892549347671
7.827727727727727,0.00011994889585395925
7.867767767767767,0.00011842031762990424
7.907807807807807,0.00011690356890207317
7.947847847847847,0.00011539869538123151
7.987887887887887,0.0001139057398750623
8.027927927927928,0.00011242474231440408
8.067967967967968,0.00011095573978008547
8.108008008008008,0.00010949876653033767
8.148048048048048,0.00010805385402876785
8.188088088088088,0.0001066210309728734
8.228128128128128,0.00010520032332308079
8.268168168168168,0.00010379175433228947
8.308208208208208,0.00010239534457590276
8.348248248248249,0.00010101111198232818
8.388288288288289,9.963907186392837e-05
8.428328328328329,9.827923694840453e-05
8.468368368368369,9.693161741059486e-05
8.508408408408409,9.559622090466939e-05
8.548448448448449,9.427305259670332e-05
8.588488488488489,9.296211519761113e-05
8.628528528528529,9.16634089964238e-05
8.668568568568569,9.037693189389094e-05
8.708608608608609,8.91026794363907e-05
8.748648648648649,8.784064485012948e-05
8.788688688688689,8.659081907561473e-05
8.828728728728729,8.535319080238254e-05
8.868768768768769,8.412774650396395e-05
8.908808808808809,8.291447047307213e-05
8.948848848848849,8.171334485699411e-05
8.988888888888889,8.052434969316986e-05
9.028928928928929,7.934746294494254e-05
9.068968968968969,7.818266053746342e-05
9.109009009009009,7.702991639373498e-05
9.149049049049049,7.588920247077641e-05
9.189089089089089,7.476048879589553e-05
9.229129129129129,7.364374350305132e-05
9.269169169169169,7.253893286929177e-05
9.30920920920921,7.144602135125153e-05
9.34924924924925,7.036497162169428e-05
9.38928928928929,6.9295744606085e-05
9.42932932932933,6.823829951917736e-05
9.46936936936937,6.719259390160185e-05
9.50940940940941,6.615858365644018e-05
9.54944944944945,6.513622308577213e-05
9.58948948948949,6.412546492718085e-05
9.62952952952953,6.312626039020336e-05
9.66956956956957,6.213855919271224e-05
9.70960960960961,6.116230959721624e-05
9.74964964964965,6.019745844706628e-05
9.78968968968969,5.924395120255452e-05
9.82972972972973,5.830173197689405e-05
9.86976976976977,5.737074357206706e-05
9.90980980980981,5.645092751452965e-05
9.94984984984985,5.5542224090761576e-05
9.98988988988989,5.4644572382649735e-05
10.02992992992993,5.3757910302693956e-05
10.06996996996997,5.288217462902465e-05
10.11001001001001,5.201730104022142e-05
10.15005005005005,5.1163224149922335e-05
10.19009009009009,5.0319877541214076e-05
10.23013013013013,4.9487193800792684e-05
10.27017017017017,4.866510455288583e-05
10.31021021021021,4.7853540492927044e-05
10.35025025025025,4.705243142097297e-05
10.39029029029029,4.626170627485495e-05
10.43033033033033,4.548129316305651e-05
10.47037037037037,4.471111939730827e-05
10.51041041041041,4.395111152489262e-05
10.55045045045045,4.320119536065054e-05
10.59049049049049,4.2461296018682655e-05
10.63053053053053,4.173133794373809e-05
10.67057057057057,4.101124494228368e-05
10.71061061061061,4.030094021324701e-05
10.75065065065065,3.960034637842728e-05
10.79069069069069,3.89093855125674e-05
10.83073073073073,3.82279791730819e-05
10.87077077077077,3.755604842943468e-05
10.91081081081081,3.689351389216162e-05
10.95085085085085,3.624029574153286e-05
10.99089089089089,3.5596313755849694e-05
11.03093093093093,3.4961487339372056e-05
11.07097097097097,3.4335735549871556e-05
11.11101101101101,3.3718977125806704e-05
11.15105105105105,3.311113051311592e-05
11.19109109109109,3.2512113891625165e-05
11.23113113113113,3.19218452010666e-05
11.27117117117117,3.134024216670516e-05
11.31121121121121,3.076722232457032e-05
11.35125125125125,3.020270304629028e-05
11.39129129129129,2.964660156352626e-05
11.43133133133133,2.9098834992004476e-05
11.47137137137137,2.8559320355144185e-05
11.51141141141141,2.8027974607279728e-05
11.55145145145145,2.7504714656475216e-05
11.59149149149149,2.698945738693054e-05
11.63153153153153,2.6482119680977407e-05
11.67157157157157,2.598261844066476e-05
11.71161161161161,2.5490870608932726e-05
11.75165165165165,2.50067931903746e-05
11.79169169169169,2.4530303271586647e-05
11.83173173173173,2.4061318041105386e-05
11.87177177177177,2.3599754808932824e-05
11.91181181181181,2.314553102564956e-05
11.95185185185185,2.2698564301116206e-05
11.99189189189189,2.2258772422764113e-05
12.031931931931931,2.1826073373475685e-05
12.071971971971971,2.140038534905577e-05
12.112012012012011,2.0981626775294752e-05
12.152052052052051,2.0569716324625077e-05
12.192092092092091,2.0164572932372435e-05
12.232132132132131,1.976611581260324e-05
12.272172172172171,1.9374264473570225e-05
12.312212212212211,1.8988938732758046e-05
12.352252252252251,1.86100587315309e-05
12.392292292292291,1.823754494938444e-05
12.432332332332331,1.7871318217804238e-05
12.472372372372371,1.751129973373331e-05
12.512412412412411,1.7157411072651303e-05
12.552452452452451,1.6809574201267972e-05
12.592492492492491,1.6467711489833873e-05
12.632532532532531,1.6131745724071244e-05
12.672572572572571,1.5801600116727982e-05
12.712612612612611,1.5477198318758128e-05
12.752652652652651,1.5158464430131915e-05
12.792692692692691,1.4845323010278848e-05
12.832732732732731,1.4537699088167357e-05
12.872772772772771,1.4235518172024462e-05
12.912812812812811,1.3938706258699241e-05
12.952852852852853,1.3647189842673682e-05
12.992892892892893,1.3360895924725007e-05
13.032932932932933,1.307975202024297e-05
13.072972972972973,1.2803686167206583e-05
13.113013013013013,1.2532626933823962e-05
13.153053053053053,1.2266503425839514e-05
13.193093093093093,1.2005245293512769e-05
13.233133133133133,1.1748782738272903e-05
13.273173173173173,1.1497046519053407e-05
13.313213213213213,1.124996795831113e-05
13.353253253253254,1.1007478947734235e-05
13.393293293293294,1.0769511953643424e-05
13.433333333333334,1.0536000022090926e-05
13.473373373373374,1.0306876783661793e-05
13.513413413413414,1.0082076457982177e-05
13.553453453453454,9.861533857938966e-06
13.593493493493494,9.645184393615667e-06
13.633533533533534,9.432964075949008e-06
13.673573573573574,9.224809520111076e-06
13.713613613613614,9.020657948621577e-06
13.753653653653654,8.820447194195096e-06
13.793693693693694,8.624115702327928e-06
13.833733733733734,8.431602533629416e-06
13.873773773773774,8.242847365902411e-06
13.913813813813814,8.057790495977713e-06
13.953853853853854,7.876372841307267e-06
13.993893893893894,7.698535941320855e-06
14.033933933933934,7.524221958551129e-06
14.073973973973974,7.353373679531671e-06
14.114014014014014,7.1859345154729875e-06
14.154054054054054,7.02184850272107e-06
14.194094094094094,6.8610603030033745e-06
14.234134134134134,6.703515203466897e-06
14.274174174174174,6.549159116513168e-06
14.314214214214214,6.3979385794347495e-06
14.354254254254254,6.249800753858086e-06
14.394294294294294,6.104693424997231e-06
14.434334334334334,5.962565000723241e-06
14.474374374374374,5.823364510453751e-06
14.514414414414414,5.687041603867454e-06
14.554454454454454,5.553546549447941e-06
14.594494494494494,5.422830232861538e-06
14.634534534534534,5.294844155173595e-06
14.674574574574574,5.169540430907774e-06
14.714614614614614,5.046871785952745e-06
14.754654654654654,4.926791555320667e-06
14.794694694694694,4.809253680761909e-06
14.834734734734734,4.694212708240323e-06
14.874774774774774,4.581623785273318e-06
14.914814814814815,4.471442658141032e-06
14.954854854854855,4.3636256689688485e-06
14.994894894894895,4.258129752687344e-06
15.034934934934935,4.154912433873847e-06
15.074974974974975,4.053931823479738e-06
15.115015015015015,3.955146615447353e-06
15.155055055055055,3.858516083220704e-06
15.195095095095095,3.764000076153762e-06
15.235135135135135,3.6715590158202784e-06
15.275175175175175,3.581153892229001e-06
15.315215215215215,3.4927462599479872e-06
15.355255255255255,3.4062982341418345e-06
15.395295295295295,3.3217724865254607e-06
15.435335335335335,3.2391322412380755e-06
15.475375375375375,3.1583412706409192e-06
15.515415415415415,3.0793638910422814e-06
15.555455455455455,3.002164958353284e-06
15.595495495495495,2.9267098636778324e-06
15.635535535535535,2.8529645288400624e-06
15.675575575575575,2.7808954018526336e-06
15.715615615615615,2.710469452329076e-06
15.755655655655655,2.641654166843387e-06
15.795695695695695,2.574417544240018e-06
15.835735735735735,2.508728090897316e-06
15.875775775775775,2.4445548159474317e-06
15.915815815815815,2.3818672264556774e-06
15.955855855855855,2.320635322562221e-06
15.995895895895895,2.2608295925889494e-06
16.035935935935935,2.202421008114329e-06
16.075975975975975,2.145381019018946e-06
16.11601601601602,2.0896815485044624e-06
16.15605605605606,2.035294988088538e-06
16.1960960960961,1.982194192578316e-06
16.23613613613614,1.9303524750250043e-06
16.27617617617618,1.8797436016619148e-06
16.31621621621622,1.8303417868284648e-06
16.35625625625626,1.7821216878823687e-06
16.3962962962963,1.7350584001023703e-06
16.43633633633634,1.6891274515837181e-06
16.47637637637638,1.6443047981285437e-06
16.51641641641642,1.6005668181332625e-06
16.55645645645646,1.5578903074750652e-06
16.5964964964965,1.5162524743995e-06
16.63653653653654,1.4756309344110798e-06
16.67657657657658,1.4360037051688449e-06
16.71661661661662,1.397349201388694e-06
16.75665665665666,1.35964622975431e-06
16.7966966966967,1.3228739838383755e-06
16.83673673673674,1.287012039035817e-06
16.87677677677678,1.2520403475106867e-06
16.91681681681682,1.217939233158267e-06
16.95685685685686,1.1846893865839567e-06
16.9968968968969,1.1522718601004138e-06
17.03693693693694,1.1206680627443843e-06
17.07697697697698,1.0898597553146433e-06
17.11701701701702,1.0598290454323466e-06
17.15705705705706,1.0305583826251365e-06
17.1970970970971,1.0020305534362104e-06
17.23713713713714,9.742286765595936e-07
17.27717717717718,9.471361980027478e-07
17.31721721721722,9.20736886277647e-07
17.35725725725726,8.950148276213997e-07
17.3972972972973,8.699544212474129e-07
17.43733733733734,8.455403746281315e-07
17.47737737737738,8.217576988102533e-07
17.51741741741742,7.985917037633574e-07
17.55745745745746,7.760279937627839e-07
17.5974974974975,7.540524628076066e-07
17.63753753753754,7.326512900744685e-07
17.67757757757758,7.11810935408041e-07
17.71761761761762,6.915181348488013e-07
17.75765765765766,6.717598961988043e-07
17.7976976976977,6.525234946260924e-07
17.83773773773774,6.337964683083293e-07
17.87777777777778,6.155666141162292e-07
17.91781781781782,5.97821983337317e-07
17.95785785785786,5.805508774405078e-07
17.9978978978979,5.637418438819736e-07
18.03793793793794,5.473836719527374e-07
18.07797797797798,5.314653886683773e-07
18.11801801801802,5.159762547012373e-07
18.15805805805806,5.009057603554565e-07
18.1980980980981,4.862436215851583e-07
18.23813813813814,4.719797760560541e-07
18.27817817817818,4.5810437925073775e-07
18.31821821821822,4.4460780061788864e-07
18.35825825825826,4.3148061976558535e-07
18.3982982982983,4.187136226989099e-07
18.43833833833834,4.062977981019891e-07
18.47837837837838,3.942243336646005e-07
18.51841841841842,3.8248461245344164e-07
18.55845845845846,3.7107020932815196e-07
18.5984984984985,3.599728874021285e-07
18.63853853853854,3.4918459454818384e-07
18.67857857857858,3.3869745994904904e-07
18.71861861861862,3.285037906927257e-07
18.75865865865866,3.185960684126429e-07
18.7986986986987,3.089669459725934e-07
18.83873873873874,2.996092441963639e-07
18.87877877877878,2.9051594864199036e-07
18.91881881881882,2.8168020642052404e-07
18.95885885885886,2.730953230592065e-07
18.9988988988989,2.647547594088989e-07
19.03893893893894,2.5665212859563267e-07
19.07897897897898,2.4878119301610445e-07
19.11901901901902,2.4113586137693836e-07
19.15905905905906,2.3371018577752214e-07
19.1990990990991,2.2649835883620564e-07
19.23913913913914,2.1949471085964154e-07
19.27917917917918,2.1269370705503285e-07
19.31921921921922,2.0608994478504376e-07
19.35925925925926,1.9967815086510996e-07
19.3992992992993,1.934531789028845e-07
19.43933933933934,1.8741000667953714e-07
19.47937937937938,1.81543733572618e-07
19.51941941941942,1.7584957802018176e-07
19.55945945945946,1.7032287502587117e-07
19.5994994994995,1.6495907370463465e-07
19.63953953953954,1.5975373486875408e-07
19.67957957957958,1.5470252865385087e-07
19.71961961961962,1.4980123218452735e-07
19.75965965965966,1.4504572727929125e-07
19.7996996996997,1.4043199819441462e-07
19.83973973973974,1.3595612940635929e-07
19.87977977977978,1.3161430343240568e-07
19.91981981981982,1.2740279868910694e-07
19.95985985985986,1.2331798738819734e-07
19.9998998998999,1.1935633346956245e-07
20.03993993993994,1.1551439057089235e-07
20.07997997997998,1.1178880003362056e-07
20.12002002002002,1.0817628894475535e-07
20.16006006006006,1.0467366821420263e-07
20.2001001001001,1.0127783068718231e-07
20.24014014014014,9.798574929132809e-08
20.28018018018018,9.479447521806753e-08
20.32022022022022,9.170113613786949e-08
20.36026026026026,8.870293444894989e-08
20.4003003003003,8.579714555902025e-08
20.44034034034034,8.298111619966634e-08
20.48038038038038,8.025226277293831e-08
20.52042042042042,7.760806972973972e-08
20.56046046046046,7.504608797959274e-08
20.6005005005005,7.25639333313666e-08
20.64054054054054,7.015928496454701e-08
20.680580580580582,6.782988393063232e-08
20.720620620620622,6.557353168423586e-08
20.760660660660662,6.338808864347784e-08
20.800700700700702,6.127147277925124e-08
20.840740740740742,5.9221658232943897e-08
20.880780780780782,5.7236673962203756e-08
20.920820820820822,5.53146024143329e-08
20.960860860860862,5.345357822689763e-08
21.000900900900902,5.165178695514521e-08
21.040940940940942,4.990746382581692e-08
21.080980980980982,4.82188925169511e-08
21.121021021021022,4.658440396327163e-08
21.161061061061062,4.5002375186756735e-08
21.201101101101102,4.347122815199035e-08
21.241141141141142,4.19894286458956e-08
21.281181181181182,4.0555485181455104e-08
21.321221221221222,3.916794792502639e-08
21.361261261261262,3.782540764685963e-08
21.401301301301302,3.6526494694432945e-08
21.441341341341342,3.5269877988218564e-08
21.481381381381382,3.405426403950006e-08
21.521421421421422,3.287839598986147e-08
21.561461461461462,3.1741052671973296e-08
21.601501501501502,3.064104769130486e-08
21.641541541541542,2.9577228528393023e-08
21.681581581581582,2.8548475661303822e-08
21.721621621621622,2.7553701707925144e-08
21.761661661661662,2.6591850587733374e-08
21.801701701701703,2.566189670267888e-08
21.841741741741743,2.476284413684143e-08
21.881781781781783,2.3893725874508483e-08
21.921821821821823,2.3053603036333013e-08
21.961861861861863,2.2241564133233573e-08
22.001901901901903,2.145672433770003e-08
22.041941941941943,2.069822477217517e-08
22.081981981981983,1.9965231814184577e-08
22.122022022022023,1.9256936417892073e-08
22.162062062062063,1.8572553451761476e-08
22.202102102102103,1.7911321052009577e-08
22.242142142142143,1.7272499991540227e-08
22.282182182182183,1.6655373064051386e-08
22.322222222222223,1.6059244483013802e-08
22.362262262262263,1.5483439295221616e-08
22.402302302302303,1.4927302808620846e-08
22.442342342342343,1.439020003412533e-08
22.482382382382383,1.3871515141133441e-08
22.522422422422423,1.3370650926464099e-08
22.562462462462463,1.2887028296432958e-08
22.602502502502503,1.2420085761795938e-08
22.642542542542543,1.1969278945289094e-08
22.682582582582583,1.1534080101499965e-08
22.722622622622623,1.1113977648808074e-08
22.762662662662663,1.0708475713137097e-08
22.802702702702703,1.0317093683265245e-08
22.842742742742743,9.939365777443931e-09
22.882782782782783,9.574840621079611e-09
22.922822822822823,9.223080835236756e-09
22.962862862862863,8.883662635724794e-09
23.002902902902903,8.556175442534936e-09
23.042942942942943,8.240221499397517e-09
23.082982982982983,7.935415503233811e-09
23.123023023023023,7.64138424328048e-09
23.163063063063063,7.3577662496684e-09
23.203103103103103,7.084211451241639e-09
23.243143143143143,6.820380842406164e-09
23.283183183183183,6.5659461588011315e-09
23.323223223223223,6.320589561590226e-09
23.363263263263264,6.084003330173156e-09
23.403303303303304,5.855889563121835e-09
23.443343343343344,5.635959887149222e-09
23.483383383383384,5.423935173921886e-09
23.523423423423424,5.219545264531724e-09
23.563463463463464,5.022528701445025e-09
23.603503503503504,4.8326324677509085e-09
23.643543543543544,4.649611733534598e-09
23.683583583583584,4.473229609204148e-09
23.723623623623624,4.3032569056028265e-09
23.763663663663664,4.139471900742554e-09
23.803703703703704,3.981660112997019e-09
23.843743743743744,3.829614080596392e-09
23.883783783783784,3.683133147268727e-09
23.923823823823824,3.5420232538762423e-09
23.963863863863864,3.4060967358978294e-09
24.003903903903904,3.2751721266121116e-09
24.043943943943944,3.1490739658384525e-09
24.083983983983984,3.027632614096295e-09
24.124024024024024,2.9106840720460696e-09
24.164064064064064,2.7980698050779542e-09
24.204104104104104,2.6896365729172394e-09
24.244144144144144,2.585236264118515e-09
24.284184184184184,2.4847257353228644e-09
24.324224224224224,2.3879666551556142e-09
24.364264264264264,2.2948253526444987e-09
24.404304304304304,2.205172670040892e-09
24.444344344344344,2.1188838199292687e-09
24.484384384384384,2.03583824651262e-09
24.524424424424424,1.9559194909641493e-09
24.564464464464464,1.8790150607378653e-09
24.604504504504504,1.8050163027332838e-09
24.644544544544544,1.7338182802117195e-09
24.684584584584584,1.6653196533640425e-09
24.724624624624624,1.599422563432047e-09
24.764664664664664,1.536032520287888e-09
24.804704704704704,1.4750582933782072e-09
24.844744744744744,1.416411805941769e-09
24.884784784784785,1.3600080324115767e-09
24.924824824824825,1.305764898914551e-09
24.964864864864865,1.2536031867838782e-09
25.004904904904905,1.2034464390011944e-09
25.044944944944945,1.15522086948777e-09
25.084984984984985,1.1088552751657113e-09
25.125025025025025,1.0642809507123035e-09
25.165065065065065,1.021431605932231e-09
25.205105105105105,9.802432856745006e-10
25.245145145145145,9.406542922225296e-10
25.285185185185185,9.02605110087683e-10
25.325225225225225,8.660383331382985e-10
25.365265265265265,8.308985939978617e-10
25.405305305305305,7.971324956477561e-10
25.445345345345345,7.646885451715337e-10
25.485385385385385,7.335170895793242e-10
25.525425425425425,7.03570253652535e-10
25.565465465465465,6.748018797504861e-10
25.605505505505505,6.471674695221995e-10
25.645545545545545,6.206241274679438e-10
25.685585585585585,5.951305062966138e-10
25.725625625625625,5.70646754026418e-10
25.76566566566567,5.471344627777117e-10
25.80570570570571,5.245566192081596e-10
25.84574574574575,5.028775565417016e-10
25.88578578578579,4.820629081441374e-10
25.92582582582583,4.620795625993082e-10
25.96586586586587,4.4289562024116706e-10
26.00590590590591,4.2448035109817974e-10
26.04594594594595,4.0680415420765737e-10
26.08598598598599,3.8983851825881386e-10
26.12602602602603,3.7355598352442275e-10
26.16606606606607,3.5793010504203445e-10
26.20610610610611,3.429354170068085e-10
26.24614614614615,3.28547398339039e-10
26.28618618618619,3.147424393904661e-10
26.32622622622623,3.014978097544628e-10
26.36626626626627,2.8879162714616683e-10
26.40630630630631,2.766028273195436e-10
26.44634634634635,2.649111349893202e-10
26.48638638638639,2.5369703572661276e-10
26.52642642642643,2.429417487979462e-10
26.56646646646647,2.326272009182395e-10
26.60650650650651,2.2273600088913987e-10
26.64654654654655,2.1325141509492558e-10
26.68658658658659,2.0415734382898347e-10
26.72662662662663,1.9543829842463613e-10
26.76666666666667,1.8707937916486157e-10
26.80670670670671,1.7906625394617058e-10
26.84674674674675,1.7138513767263672e-10
26.88678678678679,1.6402277235676102e-10
26.92682682682683,1.5696640790454638e-10
26.96686686686687,1.502037835628072e-10
27.00690690690691,1.437231100074001e-10
27.04694694694695,1.375130520516781e-10
27.08698698698699,1.3156271195509032e-10
27.12702702702703,1.2586161331244668e-10
27.16706706706707,1.2039968550494456e-10
27.20710710710711,1.1516724869461992e-10
27.24714714714715,1.1015499934444209e-10
27.28718718718719,1.0535399624679772e-10
27.32722722722723,1.0075564704363776e-10
27.36726726726727,9.635169522206802e-11
27.40730730730731,9.21342075696505e-11
27.44734734734735,8.809556207417417e-11
27.48738738738739,8.42284362531101e-11
27.52742742742743,8.052579589842501e-11
27.56746746746747,7.698088422286993e-11
27.60750750750751,7.358721139428427e-11
27.64754754754755,7.033854444488168e-11
27.68758758758759,6.722889754287838e-11
27.72762762762763,6.425252261423151e-11
27.76766766766767,6.140390030262589e-11
27.80770770770771,5.867773125623028e-11
27.84774774774775,5.606892773009874e-11
27.88778778778779,5.357260549344719e-11
27.92782782782783,5.118407603137649e-11
27.96786786786787,4.8898839030944066e-11
28.00790790790791,4.671257514180864e-11
28.04794794794795,4.4621139001984395e-11
28.08798798798799,4.262055251954568e-11
28.12802802802803,4.0706998401416075e-11
28.16806806806807,3.887681392066469e-11
28.20810810810811,3.712648491400656e-11
28.24814814814815,3.545264000147547e-11
28.28818818818819,3.385204502049952e-11
28.32822822822823,3.232159766686136e-11
28.36826826826827,3.085832233527252e-11
28.40830830830831,2.945936515252927e-11
28.44834834834835,2.8121989196450067e-11
28.48838838838839,2.6843569894017388e-11
28.52842842842843,2.5621590592365438e-11
28.56846846846847,2.4453638296467147e-11
28.60850850850851,2.3337399567576606e-11
28.64854854854855,2.2270656576683183e-11
28.68858858858859,2.1251283307424613e-11
28.72862862862863,2.0277241903094177e-11
28.76866866866867,1.934657915255603e-11
28.80870870870871,1.8457423110058706e-11
28.84874874874875,1.760797984410666e-11
28.88878878878879,1.679653031071333e-11
28.92882882882883,1.6021427346517888e-11
28.96886886886887,1.5281092777403576e-11
29.00890890890891,1.4574014638403468e-11
29.04894894894895,1.3898744500823792e-11
29.08898898898899,1.3253894902656578e-11
29.12902902902903,1.2638136878486344e-11
29.16906906906907,1.2050197585229408e-11
29.20910910910911,1.1488858020169266e-11
29.24914914914915,1.0952950827875205e-11
29.28918918918919,1.0441358192710521e-11
29.32922922922923,9.953009813750977e-12
29.36926926926927,9.486880959046085e-12
29.40930930930931,9.041990596263085e-12
29.44934934934935,8.617399596858213e-12
29.48938938938939,8.212209011019927e-12
29.52942942942943,7.8255584107266e-12
29.56946946946947,7.456624298355669e-12
29.60950950950951,7.104618578371728e-12
29.64954954954955,6.768787089709758e-12
29.68958958958959,6.448408196554392e-12
29.72962962962963,6.142791435298989e-12
29.76966966966967,5.8512762155472816e-12
29.80970970970971,5.573230573097603e-12
29.84974974974975,5.3080499729241355e-12
29.88978978978979,5.055156160241203e-12
29.92982982982983,4.8139960578058074e-12
29.96986986986987,4.584040707681503e-12
30.00990990990991,4.3647842557503794e-12
30.04994994994995,4.1557429773231924e-12
30.08998998998999,3.956454342257825e-12
30.13003003003003,3.766476118054542e-12
30.17007007007007,3.5853855094530788e-12
30.21011011011011,3.4127783331105586e-12
30.25015015015015,3.2482682259922755e-12
30.29019019019019,3.091485886157345e-12
30.33023023023023,2.9420783446710304e-12
30.37027027027027,2.799708267421842e-12
30.41031031031031,2.664053285667685e-12
30.45035035035035,2.5348053541791038e-12
30.49039039039039,2.4116701358899717e-12
30.53043043043043,2.2943664120069866e-12
30.57047047047047,2.182625516568867e-12
30.61051051051051,2.076190794484038e-12
30.65055055055055,1.974817082112415e-12
30.690590590590592,1.8782702094923765e-12
30.730630630630632,1.7863265233478981e-12
30.770670670670672,1.6987724300440719e-12
30.810710710710712,1.615403957690671e-12
30.850750750750752,1.5360263366242245e-12
30.890790790790792,1.4604535975284174e-12
30.930830830830832,1.3885081864811222e-12
30.970870870870872,1.3200205962437119e-12
31.010910910910912,1.254829013134773e-12
31.050950950950952,1.1927789788556313e-12
31.090990990990992,1.1337230666597821e-12
31.131031031031032,1.0775205712817036e-12
31.171071071071072,1.02403721206349e-12
31.211111111111112,9.731448487394614e-13
31.251151151151152,9.247212093600763e-13
31.291191191191192,8.786496298567893e-13
31.331231231231232,8.348188047690026e-13
31.371271271271272,7.931225486731083e-13
31.411311311311312,7.534595678717758e-13
31.451351351351352,7.157332419190219e-13
31.491391391391392,6.798514145734477e-13
31.531431431431432,6.457261937881513e-13
31.571471471471472,6.132737603614227e-13
31.611511511511512,5.824141848872456e-13
31.651551551551552,5.530712526590528e-13
31.691591591591592,5.251722961940708e-13
31.731631631631632,4.98648035058834e-13
31.771671671671672,4.734324226893606e-13
31.811711711711713,4.494624999117709e-13
31.851751751751753,4.266782548809565e-13
31.891791791791793,4.050224891663829e-13
31.931831831831833,3.8444068972503054e-13
31.971871871871873,3.64880906512011e-13
32.01191191191191,3.4629363548956803e-13
32.05195195195195,3.2863170680488795e-13
32.09199199199199,3.1185017791654097e-13
32.132032032032036,2.959062314583192e-13
32.172072072072076,2.8075907763797124e-13
32.212112112112116,2.6636986097653357e-13
32.252152152152156,2.527015712020951e-13
32.292192192192196,2.3971895811934883e-13
32.332232232232236,2.2738845028376836e-13
32.372272272272276,2.1567807731628481e-13
32.41231231231232,2.045573957011367e-13
32.45235235235236,1.9399741791611352e-13
32.4923923923924,1.8397054475069152e-13
32.53243243243244,1.7445050067356162e-13
32.57247247247248,1.6541227211685478e-13
32.61251251251252,1.568320485499137e-13
32.65255255255256,1.4868716622079776e-13
32.6925925925926,1.4095605444880657e-13
32.73263263263264,1.3361818435625846e-13
32.77267267267268,1.2665401993242423e-13
32.81271271271272,1.200449713270779e-13
32.85275275275276,1.137733502754565e-13
32.8927927927928,1.0782232756057172e-13
32.93283283283284,1.0217589242283888e-13
32.97287287287288,9.681881383079552e-14
33.01291291291292,9.173660353037504e-14
33.05295295295296,8.691548079372167e-14
33.092992992993,8.234233879191622e-14
33.13303303303304,7.800471251922396e-14
33.17307307307308,7.38907481995905e-14
33.21311311311312,6.998917410908594e-14
33.25315315315316,6.628927275086664e-14
33.2931931931932,6.278085432195026e-14
33.33323323323324,5.945423141374556e-14
33.37327327327328,5.630019489077552e-14
33.41331331331332,5.330999089446289e-14
33.45335335335336,5.047529892114976e-14
33.4933933933934,4.778821092573847e-14
33.53343343343344,4.524121140447278e-14
33.57347347347348,4.282715841240073e-14
33.61351351351352,4.053926547301797e-14
33.65355355355356,3.83710843394498e-14
33.6935935935936,3.6316488568324784e-14
33.73363363363364,3.43696578692003e-14
33.77367367367368,3.252506319403694e-14
33.81371371371372,3.077745253279799e-14
33.85375375375376,2.912183738274354e-14
33.8937937937938,2.7553479860433238e-14
33.93383383383384,2.6067880426827912e-14
33.97387387387388,2.46607661971977e-14
34.01391391391392,2.332807980881051e-14
34.05395395395396,2.2065968820575478e-14
34.093993993994,2.0870775619979656e-14
34.13403403403404,1.9739027813756972e-14
34.17407407407408,1.8667429079789746e-14
34.21411411411412,1.765285045875314e-14
34.25415415415416,1.6692322064984043e-14
34.2941941941942,1.5783025196980586e-14
34.33423423423424,1.492228482882541e-14
34.37427427427428,1.4107562464674452e-14
34.41431431431432,1.3336449339260287e-14
34.45435435435436,1.2606659948138491e-14
34.4943943943944,1.1916025892143277e-14
34.53443443443444,1.1262490021228557e-14
34.57447447447448,1.0644100863547868e-14
34.61451451451452,1.0059007326274392e-14
34.65455455455456,9.505453655279456e-15
34.6945945945946,8.981774641382484e-15
34.73463463463464,8.486391061447535e-15
34.77467467467468,8.017805343144066e-15
34.81471471471472,7.574597442704135e-15
34.85475475475476,7.155420925502215e-15
34.8947947947948,6.758999239755271e-15
34.93483483483484,6.384122174089325e-15
34.97487487487488,6.029642490150536e-15
35.01491491491492,5.694472721847609e-15
35.05495495495496,5.377582133205838e-15
35.094994994995,5.077993827186898e-15
35.13503503503504,4.794781998185788e-15
35.17507507507508,4.52706932125854e-15
35.21511511511512,4.274024471459366e-15
35.25515515515516,4.0348597669776746e-15
35.2951951951952,3.808828930062059e-15
35.33523523523524,3.595224960001686e-15
35.37527527527528,3.393378112706691e-15
35.41531531531532,3.202653981686564e-15
35.45535535535536,3.0224516754723365e-15
35.4953953953954,2.85220208676357e-15
35.53543543543544,2.691366248804671e-15
35.57547547547548,2.5394337747101954e-15
35.61551551551552,2.395921375661657e-15
35.65555555555556,2.2603714540938996e-15
35.6955955955956,2.1323507681742618e-15
35.73563563563564,2.011449164055271e-15
35.77567567567568,1.8972783725497888e-15
35.81571571571572,1.7894708670393243e-15
35.85575575575576,1.687678779579086e-15
35.8957957957958,1.5915728723099972e-15
35.93583583583584,1.5008415614274222e-15
35.97587587587588,1.4151899910891024e-15
36.01591591591592,1.3343391547718412e-15
36.05595595595596,1.258025061707033e-15
36.095995995996,1.1859979461403485e-15
36.13603603603604,1.1180215172705997e-15
36.17607607607608,1.053872247827246e-15
36.21611611611612,9.933386993456144e-16
36.25615615615616,9.362208822938236e-16
36.2961961961962,8.823296492956221e-16
36.33623623623624,8.31486119779551e-16
36.37627627627628,7.835211344668372e-16
36.41631631631632,7.382747381882331e-16
36.45635635635636,6.955956895947825e-16
36.4963963963964,6.553409963978746e-16
36.53643643643644,6.173754748415796e-16
36.57647647647648,5.81571332174396e-16
36.61651651651652,5.478077709485214e-16
36.65655655655656,5.15970614033006e-16
36.6965965965966,4.859519492824549e-16
36.73663663663664,4.576497928555897e-16
36.77667667667668,4.3096777022813486e-16
36.81671671671672,4.058148139921678e-16
36.85675675675676,3.8210487757946915e-16
36.8967967967968,3.5975666408958447e-16
36.93683683683684,3.3869336944435786e-16
36.97687687687688,3.188424391298099e-16
37.01691691691692,3.0013533782337586e-16
37.05695695695696,2.8250733123988953e-16
37.096996996997,2.6589727956326426e-16
37.13703703703704,2.5024744186287885e-16
37.17707707707708,2.3550329092398955e-16
37.21711711711712,2.216133379504566e-16
37.25715715715716,2.0852896662549988e-16
37.2971971971972,1.96204276042384e-16
37.33723723723724,1.8459593204169518e-16
37.37727727727728,1.7366302651554174e-16
37.41731731731732,1.6336694426138758e-16
37.45735735735736,1.5367123698958724e-16
37.4973973973974,1.4454150410893507e-16
37.53743743743744,1.3594527993377198e-16
37.57747747747748,1.2785192697452306e-16
37.61751751751752,1.2023253499088274e-16
37.65755755755756,1.1305982550337563e-16
37.6975975975976,1.0630806147471632e-16
37.73763763763764,9.995296188726545e-17
37.77767767767768,9.397162095703209e-17
37.81771771771772,8.834243173810564e-17
37.85775775775776,8.304501388415074e-17
37.8977977977978,7.806014534570684e-17
37.93783783783784,7.336969779354593e-17
37.97787787787788,6.895657556924037e-17
38.01791791791792,6.480465797446749e-17
38.05795795795796,6.089874472040937e-17
38.097997997998,5.72245043679398e-17
38.13803803803804,5.3768425598160255e-17
38.17807807807808,5.051777116123791e-17
38.21811811811812,4.7460534359495544e-17
38.25815815815816,4.458539792826105e-17
38.2981981981982,4.188169518517337e-17
38.33823823823824,3.933937332544906e-17
38.37827827827828,3.6948958747087135e-17
38.41831831831832,3.4701524296107603e-17
38.45835835835836,3.258865832774878e-17
38.4983983983984,3.0602435485049425e-17
38.53843843843844,2.873538910148376e-17
38.57847847847848,2.6980485139264082e-17
38.61851851851852,2.533109757964043e-17
38.65855855855856,2.3780985185973037e-17
38.6985985985986,2.2324269564587857e-17
38.73863863863864,2.095541445242575e-17
38.77867867867868,1.9669206164297633e-17
38.81871871871872,1.8460735136151253e-17
38.85875875875876,1.7325378504172215e-17
38.8987987987988,1.6258783662769408e-17
38.93883883883884,1.5256852747558308e-17
38.97887887887888,1.4315727992359522e-17
39.01891891891892,1.3431777911976586e-17
39.05895895895896,1.260158426512268e-17
39.098998998999,1.1821929754333057e-17
39.13903903903904,1.1089786422036255e-17
39.17907907907908,1.0402304704169863e-17
39.21911911911912,9.75680310482469e-18
39.25915915915916,9.150758457382913e-18
39.2991991991992,8.581796739497939e-18
39.33923923923924,8.047684411041669e-18
39.37927927927928,7.54632024583007e-18
39.41931931931932,7.075727629532205e-18
39.45935935935936,6.634047297679205e-18
39.4993993993994,6.219530489115971e-18
39.53943943943944,5.8305324915937436e-18
39.57947947947948,5.465506557479247e-18
39.61951951951952,5.122998168768876e-18
39.65955955955956,4.801639631741316e-18
39.6995995995996,4.500144982667279e-18
39.73963963963964,4.217305187020544e-18
39.77967967967968,3.951983615604448e-18
39.81971971971972,3.7031117819272554e-18
39.85975975975976,3.469685326026945e-18
39.8997997997998,3.250760230767917e-18
39.93983983983984,3.0454492574084588e-18
39.97987987987988,2.8529185879727407e-18
40.01991991991992,2.6723846626548445e-18
40.05995995995996,2.5031112011395256e-18
40.1,2.3444063973453963e-18
